0001,...AND YOU WILL KNOW US BY THE TRAIL OF DEAD | $40,SMALL | 100% Cotton | Anvil
0002,QUEENS OF THE STONE AGE | $50,Queens Of The Stone Age | 2011 Self-Titled Tour<br>MEDIUM | 100% Cotton | Tultex
0003,TOOL | $60,Tool | 2010 Tour<br>MEDIUM | 100% Cotton | Anvil
0004,STONE TEMPLE PILOTS | $50,Stone Temple Pilots | 2008 Tour<br>LARGE | 100% Cotton | Anvil
0005,ALICE IN CHAINS | $40,Alice In Chains | Black Gives Way To Blue Tour 2010<br>MEDIUM | 100% Cotton | Bay Island Sportswear
0006,KILLSWITCH ENGAGE | $40,Killswitch Engage | Alive Or Just Breathing: 10 Years 2002-2012<br>SMALL | 100% Preshrunk Cotton | Gildan
0007,AVENGED SEVENFOLD | $50,Avenged Sevenfold | Cities Of Evil Tour 2006<br>LARGE | 100% Preshrunk Cotton | Delta ProWeight
0008,DEFTONES | $50,Deftones | Tour 2006-07<br>MEDIUM | 100% Preshrunk Cotton | Alstyle Apparel & Activewear
0009,SPARTA | $40,MEDIUM | 60% Cotton/40% Polyester | Pacific
0010,FILTER | $40,Filter | Make America Hate Again Tour 2016<br>MEDIUM | 100% Cotton | Gildan
0011,DEFTONES | $50,Deftones | Koi No Yokan Tour 2012<br>SMALL | 100% Cotton | Next Level apparel
0012,INFECTED MUSHROOM | $40,MEDIUM | Unlisted (cotton/blend)
0013,BARENAKED LADIES | $40,Barenaked Ladies | 2010 Tour<br>MEDIUM | Unlisted (cotton/blend) | Transmission Merchandise
0014,MATISYAHU | $40,Matisyahu | 2006 Tour<br>LARGE | 100% Combed Cotton | American Apparel
0015,IRON BUTTERFLY | $40,Iron Butterfly | SIGNED by Ron Bushy and Lee Dorman<br>LARGE | 100% Cotton | Gildan
0016,BAUHAUS | $40,Bauhaus | Near The Atmosphere 2005 Tour<br>LARGE | 100% Preshrunk Cotton | Anvil
0017,GIGANTOUR | $50,GIGANTOUR | North America 2008 Tour<br>LARGE | 100% Preshrunk Cotton | Anvil
0018,TREASURE ISLAND MUSIC FESTIVAL | $40,Treasure Island Music Festival | 2009<br>MEDIUM | 100% Cotton | Alternative Apparel
0019,EARTH WIND & FIRE | $50,Earth Wind & Fire | The Legacy Continues 1969-2009 Tour<br>MEDIUM | 100% Preshrunk Combed Ringspun Cotton | Tultex
0020,VOLTAIRE | $40,Voltaire | The Bottom Of The Sea 2009 Tour<br>MEDIUM | 100% Preshrunk Cotton | Gildan
0021,TOOL | $60,Tool | 10000 Days Fall 2006 Tour<br>MEDIUM | 100% Preshrunk Cotton | Anvil
0022,TOOL | $60,Tool | Fall Tour 2007<br>LARGE | 100% Preshrunk Cotton | Anvil
0023,TOOL | $60,Tool | 10000 Days Spring 2006 Tour<br>LARGE | 100% Preshrunk Cotton | Anvil
0024,INFECTED MUSHROOM | $40,Infected Mushroom | Vicious Delicious<br>MEDIUM | Unlisted (cotton/blend) | Plazma
0025,ALICE IN CHAINS | $50,Alice In Chains | 2006 Reunion Tour<br>LARGE | 100% Preshrunk Cotton | Anvil
0026,MINDLESS SELF INDULGENCE | $50,Mindless Self Indulgence | IF 2008 Tour<br>LARGE | 75% Cotton/25% Polyester | Alternative Apparel
0027,THE PRODIGY | $40,The Prodigy | Invaders Must Die 2009 Tour<br>MEDIUM | 100% Preshrunk Cotton | Anvil
0028,THE PRESIDENTS OF THE UNITED STATES OF AMERICA | $40,The Presidents Of The United States Of America | 2008 Tour<br>LARGE | 100% Preshrunk Cotton | Anvil
0029,ALLMAN BROTHERS BAND | $50,Allman Brothers Band | The Road Goes On Forever: 40th Anniversary Tour<br>MEDIUM | 100% Preshrunk Cotton | Gildan
0030,MUSE | $60,Muse | Black Holes & Revelations 2007 Tour<br>MEDIUM | 100% Preshrunk Cotton | Tultex
0031,TORI AMOS | $50,Tori Amos | Sinful Attraction 2009 Tour<br>MEDIUM | 100% Cotton | Pima Apparel
0032,KEANE | $40,Keane | Perfect Symmetry Live 2009 Tour<br>MEDIUM | 100% Combed Cotton | American Apparel
0033,THE GLITCH MOB | $40,The Glitch Mob | The Summer 2011 Tour<br>LARGE | 100% Ringspun Cotton | Tultex
0034,GIGANTOUR | $50,GIGANTOUR | North America 2006 Tour<br>LARGE | 100% Preshrunk Cotton | Tennessee River
0035,THE CHEMICAL BROTHERS | $40,MEDIUM | 100% Combed Cotton | Ten
0036,OPETH | $40,Opeth | 2005 World Tour<br>LARGE | 100% Preshrunk Cotton | Anvil
0037,STEEL PANTHER | $40,Steel Panther | 2016-17 Tour<br>MEDIUM | 100% Preshrunk Ringspun Cotton | Tultex
0038,GREEN DAY | $60,Green Day | 21st Century Breakdown<br>WOMEN'S LARGE | 100% Combed Ringspun Cotton | Tultex
0039,DROPKICK MURPHYS | $40,Dropkick Murphys | Basted and Wasted 2009 Tour<br>MEDIUM | 100% Preshrunk Cotton | Bayside
0040,TV ON THE RADIO | $30,MEDIUM | 100% Combed Organic Cotton | American Apparel
0041,HOT CHIP | $40,Hot Chip | One Life Stand Live 2010<br>MEDIUM | 100% Combed Cotton | American Apparel
0042,STRAPPING YOUNG LAD | $40,LARGE | 100% Preshrunk Cotton | Gildan
0043,HENRY ROLLINS | $40,Henry Rollins | Provoked 2007 Tour<br>MEDIUM | 90% Preshrunk Cotton/10% Polyester | Hanes
0044,THE FIERY FURNACES | $40,LARGE | 100% Combed Cotton | American Apparel
0045,WILCO | $50,Wilco | Sky Blue Sky 2007 Tour<br>LARGE | 100% Preshrunk Cotton | Tennessee River
0046,GOGOL BORDELLO | $40,MEDIUM | 100% Combed Cotton | American Apparel
0047,ECHO & THE BUNNYMEN | $40,Echo & The Bunnymen | Crocodiles & Heaven Up Here Tour<br>MEDIUM | 100% Cotton | Hanes
0048,FRONT LINE ASSEMBLY | $40,WOMEN'S LARGE | 100% Ringspun Cotton | Tultex
0049,ATOMS FOR PEACE | $70,Atoms For Peace | April 2010 USA Tour<br>MEDIUM | 50% Recycled PPreshrunk T Bambooottles/50% Cotton | W.A.S.T.E.
0050,FLOGGING MOLLY | $40,LARGE | 100% Cotton | Alstyle Apparel & Activewear
0051,STS9 | $40,STS9 | 2010 Tour<br>MEDIUM | 100% Combed Cotton | American Apparel
0052,BELLE & SEBASTIAN | $40,MEDIUM | 100% Combed Cotton | American Apparel
0053,DETHKLOK | $50,Dethklok | 2008 Tour<br>LARGE | 100% Preshrunk Cotton | Anvil
0054,TEMPOSHARK | $40,MEDIUM | 100% Cotton | Fruit of the Loom
0055,SPOON | $50,MEDIUM | 100% Combed Cotton | American Apparel
0056,BIAFRA FIVE-O | $60,Biafra Five-O | Jello Biafra's 50th Birthday<br>LARGE | 100% Preshrunk Cotton | Murina
0057,THAT 1 GUY AND THE MAGIC PIPE | $40,MEDIUM | 100% Combed Cotton | American Apparel
0058,COHEED AND CAMBRIA | $60,Coheed and Cambria | 2005 Tour<br>LARGE | 100% Preshrunk Cotton | Hanes
0059,GOGOL BORDELLO | $50,LARGE | 100% Cotton | Fruit of the Loom
0060,YOKO ONO & PLASTIC ONO BAND | $100,MEDIUM | 100% Cotton | Chimera Music
0061,VAMPIRE WEEKEND | $40,MEDIUM | 100% Combed Cotton | American Apparel
0062,SHPONGLE | $50,Shpongle | Spring Tour 2010<br>MEDIUM | 100% Cotton | Alstyle Apparel & Activewear
0063,MELT-BANANA | $40,MEDIUM | 100% Preshrunk Cotton | Anvil
0064,THEM CROOKED VULTURES | $60,Them Crooked Vultures | Made To Parade 2009 Tour<br>MEDIUM | 100% Preshrunk Cotton | TCV (brand not listed)
0065,THE MARS VOLTA | $60,MEDIUM | 100% Cotton | Avante
0066,RODRIGO Y GABRIELA | $40,Rodrigo y Gabriela | 11:11 Tour 2009<br>MEDIUM | Unlisted (cotton/blend) | Earth Positive
0067,THE RACONTEURS | $60,LARGE | 100% Combed Cotton | American Apparel
0068,THE MOODY BLUES | $40,The Moody Blues | 2009 Tour<br>MEDIUM | 100% Cotton | US Blanks
0069,THE WORLD/INFERNO FRIENDSHIP SOCIETY | $40,MEDIUM | 100% Cotton | Fruit of the Loom
0070,VIDEO GAMES LIVE | $40,Video Games Live | 2009-2010 World Tour<br>MEDIUM | 100% Cotton | Apparel Whiz
0071,MUTE MATH | $40,N/A | Unlisted (cotton/blend)
0072,BARENAKED LADIES | $40,Barenaked Ladies | Barenaked For The Holidays 2005<br>LARGE | 100% Preshrunk Cotton | M&O Knits
0073,THE BLACK KEYS | $50,MEDIUM | 100% Combed Cotton | American Apparel
0074,WOLFMOTHER | $40,Wolfmother | Cosmic Egg 2009-2010 Tour<br>MEDIUM | 100% Combed Ringspun Cotton | Tultex
0075,CONVERGE | $40,LARGE | 100% Combed Cotton | Sun International
0076,NICKEL CREEK | $50,Nickel Creek | 2005 Tour<br>LARGE | 100% Combed Cotton | American Apparel
0077,GOGOL BORDELLO | $40,LARGE | 100% Cotton | Fruit of the Loom
0078,TENACIOUS D | $50,Tenacious D | Fall 2006 Trek<br>MEDIUM | 100% Preshrunk Cotton | Gildan
0079,COMBICHRIST | $40,LARGE | 100% Preshrunk Cotton | Hanes
0080,LIVE | $50,Live | Black Mountain - White Light World Tour 2006<br>LARGE | 100% Preshrunk Cotton | Delta ProWeight
0081,MAC SABBATH | $40,MEDIUM | 100% Cotton | Fruit of the Loom
0082,TRANS-SIBERIAN ORCHESTRA | $50,Trans-Siberian Orchestra | Winter Tour 2005<br>LARGE | 100% Preshrunk Cotton | Anvil
0083,THE MAGNETIC FIELDS | $40,MEDIUM | 50% Combed Cotton 50% Polyester | Royal Apparel
0084,MESHUGGAH | $40,Meshuggah | Catch ThirtyThree 2005 Tour<br>LARGE | 100% Preshrunk Cotton | Anvil
0085,PIXIES | $40,MEDIUM | 100% Cotton | PIXIES
0086,PIXIES | $40,MEDIUM | 100% Cotton | PIXIES
0087,PIXIES | $50,Pixies | Doolittle Tour 2009<br>MEDIUM | 100% Ringspun Cotton | Gildan
0088,NINE INCH NAILS | $60,Nine Inch Nails | Live 2006<br>LARGE | 100% Cotton
0089,NINE INCH NAILS | $60,Nine Inch Nails | Live With Teeth 2005<br>LARGE | 100% Cotton
0090,HOW TO DESTROY ANGELS | $70,How To Destroy Angels | 2013 Tour<br>SMALL | 100% Preshrunk Ringspun Cotton | HTDA
0091,NINE INCH NAILS | $60,Nine Inch Nails | Lights In The Sky Over North America 2008 Tour<br>MEDIUM | 100% Preshrunk Combed Ringspun Cotton | Tultex
0092,PSY | $60,SMALL | 90% Preshrunk Ringspun Cotton/10% Polyester | Tultex
0093,NINE INCH NAILS | $60,Nine Inch Nails | North America 2014 Tour<br>SMALL | 100% Cotton | Next Level apparel
0094,NINE INCH NAILS | $60,Nine Inch Nails | 2013 Tour<br>SMALL | 100% Cotton | Next Level apparel
0095,THE FLAMING LIPS | $60,MEDIUM | 100% Preshrunk Combed Ringspun Cotton | Tultex
0096,THE SWELL SEASON | $40,LARGE | 100% Combed Cotton | American Apparel
0097,PUSCIFER | $50,Puscifer | Keep It Moving Fall 2009 Tour<br>MEDIUM | 90% Cotton/10% Polyester | Avante
0098,YO LA TENGO | $40,SMALL | 100% Cotton | Bay Island Sportswear
0099,KILLING JOKE | $40,Killing Joke | Absolute Dissent 2010 Tour<br>XLARGE | 100% Preshrunk Ringspun Cotton | Tultex
0100,REEL BIG FISH | $40,Reel Big Fish | 20th Anniversary World Tour 2011<br>MEDIUM | 100% Preshrunk Cotton | Anvil
0101,THE SMASHING PUMPKINS | $80,The Smashing Pumpkins | Fillmore San Francisco Residency 2007<br>LARGE | 100% Cotton | Drifter
0102,THE LEGENDARY PINK DOTS | $40,The Legendary Pink Dots | Seconds Late For The Brighton Line 2010 Tour<br>MEDIUM | 100% Preshrunk Cotton | Anvil
0103,TOM MORELLO (RAGE AGAINST THE MACHINE): THE NIGHTWATCHMAN | $40,Tom Morello (Rage Against The Machine): The Nightwatchman | Worldwide Rebel Songs 2008 Tour<br>SMALL | 100% Preshrunk Cotton | Lifewear
0104,THE MARS VOLTA | $50,LARGE | 100% Preshrunk Cotton | Anvil
0105,RAMMSTEIN | $60,Rammstein | 2011 Tour<br>MEDIUM | 100% Preshrunk Ringspun Cotton | Anvil
0106,RAILROAD REVIVAL | $60,Railroad Revival | April 2011 Tour<br>MEDIUM | 50% Polyester/25% Combed Cotton/25% Rayon | American Apparel
0107,METALLIANCE | $40,Metalliance | 2011 Tour<br>MEDIUM | 100% Preshrunk Cotton | Gildan
0108,SWANS | $40,Swans | 2010/11 World Tour<br>MEDIUM | 100% Ringspun Cotton | Gildan
0109,OF MONTREAL | $40,MEDIUM | 100% Combed Cotton | American Apparel
0110,NITZER EBB | $40,Nitzer Ebb | Industrial Complex 2009 Tour<br>MEDIUM | Unlisted (cotton/blend) | CONTROL
0111,MODEST MOUSE | $40,MEDIUM | 100% Combed Cotton | American Apparel
0112,SNOW PATROL | $40,Snow Patrol | Take Back The Cities 2009 World Tour<br>MEDIUM | 100% Preshrunk Combed Ringspun Cotton | Tultex
0113,STEREOLAB | $40,MEDIUM | 90% Combed Cotton/10% Polyester | American Apparel
0114,OPETH | $40,Opeth | Watershed 2008 Tour<br>MEDIUM | 100% Cotton | O Merch
0115,THE MARS VOLTA | $50,MEDIUM | 100% Combed Cotton | American Apparel
0116,APOCALYPTICA | $40,Apocalyptica | 2008 Tour<br>MEDIUM | 100% Preshrunk Cotton | Gildan
0117,GOGOL BORDELLO | $40,MEDIUM | 100% Preshrunk Cotton | Anvil
0118,X | $50,X | Los Angeles 2010 Tour<br>MEDIUM | 100% Preshrunk Cotton | Gildan
0119,MAYNARD JAMES KEENAN | $60,Maynard James Keenan | A Curmudgeon's Guide to Divine Collisions and Pythagorean Oenology 2016 Book Tour<br>MEDIUM | 100% Cotton | Canvas
0120,TREASURE ISLAND MUSIC FESTIVAL | $50,Treasure Island Music Festival | 2010<br>MEDIUM | 100% Cotton | Alternative Apparel
0121,THE FLAMING LIPS | $50,MEDIUM | 100% Cotton
0122,RED ELVISES | $30,MEDIUM | 100% Preshrunk Cotton | Hanes
0123,PRIMUS | $60,Primus | 2010-2011 New Year's Eve<br>MEDIUM | 100% Combed Cotton | American Apparel
0124,THE NEW TRUST | $40,LARGE | 100% Preshrunk Cotton | Gildan
0125,ANIMAL COLLECTIVE | $40,MEDIUM | 70% Combed Cotton/30% Polyester | Royal Apparel
0126,BÉLA FLECK & THE FLECKTONES | $40,MEDIUM | 100% Preshrunk Cotton | Gildan
0127,DANZIG | $40,Danzig | Blackest Of The Black 2005 Tour<br>MEDIUM | 100% Cotton | Chaser
0128,MUTE MATH | $40,LARGE | 100% Combed Cotton | American Apparel
0129,RATATAT | $40,Ratatat | 2009 Tour<br>MEDIUM | 100% Combed Cotton | American Apparel
0130,PEEPING TOM | $40,LARGE | 100% Cotton | Fruit of the Loom
0131,YEAH YEAH YEAHS | $50,MEDIUM | 100% Combed Cotton | American Apparel
0132,FLOGGING MOLLY | $40,MEDIUM | 100% Preshrunk Combed Ringspun Cotton | Tultex
0133,BARONESS | $40,Baroness | North American 2016 Tour<br>SMALL | 100% Cotton | Canvas
0134,SHPONGLE | $40,Shpongle | The Shpongletron Experience<br>MEDIUM | 100% Cotton | Alstyle Apparel & Activewear
0135,BAND OF HORSES | $40,LARGE | 50% Combed Cotton 50% Polyester | American Apparel
0136,SHADOWS FALL | $40,Shadows Fall | Strhess Tour 2006<br>MEDIUM | 50% Cotton/50% Polyester | Fruit of the Loom
0137,MILLENCOLIN | $40,MEDIUM | 100% Preshrunk Cotton | Gildan
0138,MINDLESS SELF INDULGENCE | $50,Mindless Self Indulgence | Cursing In Braille 2006 Tour<br>MEDIUM | 100% Preshrunk Cotton | Murina
0139,SKINNY PUPPY | $40,Skinny Puppy | Mythrus 2007 Tour<br>MEDIUM | 100% Cotton | Gildan
0140,SUFJAN STEVENS | $40,MEDIUM | 100% Combed Cotton | American Apparel
0141,SHE WANTS REVENGE | $40,LARGE | 100% Cotton | Pacific
0142,SOILWORK | $40,Soilwork | Dirty Swedes Done Dirt Cheap 2005 Tour<br>LARGE | 100% Preshrunk Cotton | Cygnus
0143,MAN MAN | $30,LARGE | 50% Preshrunk Cotton/50% Polyester | Hanes
0144,SHE WANTS REVENGE | $40,She Wants Revenge | Nylon Summer Music Tour 2008<br>LARGE | 100% Cotton | Nylon vs. LNA
0145,ROB ZOMBIE | $40,Rob Zombie | American Witch 2006 Tour<br>MEDIUM | 100% Preshrunk Cotton | Anvil
0146,THE SWELL SEASON | $40,LARGE | 100% Preshrunk Cotton | Gaziani by Alstyle
0147,THE POLYPHONIC SPREE | $40,The Polyphonic Spree | The Fragile Army<br>LARGE | 100% Cotton | Alternative Apparel
0148,MINISTRY | $40,Ministry | C-U-LaTour 2008<br>LARGE | 100% Cotton | Fruit of the Loom
0149,BEN FOLDS | $50,Ben Folds | Way To Normal 2009 Tour<br>MEDIUM | 100% Cotton | Pima Apparel
0150,FLOGGING MOLLY | $40,LARGE | 100% Preshrunk Cotton | Alstyle Apparel & Activewear
0151,TV ON THE RADIO | $40,MEDIUM | 100% Combed Cotton | American Apparel
0152,BLACK LIGHT BURNS | $40,MEDIUM | 100% Preshrunk Combed Ringspun Cotton | Tultex
0153,FLOGGING MOLLY | $40,LARGE | 100% Preshrunk Cotton | Alstyle Apparel & Activewear
0154,FOO FIGHTERS | $60,Foo Fighters | Taylor Hawkins and his Amazing Foo Fighter Orchestra: Acoustic Tour 2006<br>LARGE | 100% Preshrunk Cotton | Gildan
0155,CIRCA SURVIVE | $40,LARGE | 100% Combed Cotton | American Apparel
0156,CLUTCH | $40,Clutch | 2008 Tour<br>LARGE | 100% Preshrunk Cotton | Anvil
0157,DATAROCK | $40,MEDIUM | 100% Cotton | International Toy Pirates
0158,PORCUPINE TREE | $40,Porcupine Tree | The Incident 2009 Tour<br>MEDIUM | 100% Preshrunk Cotton | Gildan
0159,ANAMANAGUCHI | $40,MEDIUM | 100% Combed Cotton | American Apparel
0160,SAVAGES | $40,SMALL | 100% Combed Cotton | American Apparel
0161,GOGOL BORDELLO | $40,Gogol Bordello | Mishto United 2008<br>MEDIUM | 100% Cotton | Alternative Apparel
0162,REFUSED | $40,SMALL | 100% Organic Cotton | Royal Apparel
0163,OUTSIDE LANDS MUSIC & ARTS FESTIVAL | $50,Outside Lands Music & Arts Festival | 2009<br>MEDIUM | 100% Organic Cotton | Alternative Apparel
0164,THE FUXEDOS | $30,MEDIUM | 100% Cotton | Bay Island Sportswear
0165,WOODHANDS | $30,MEDIUM | 100% Combed Cotton | American Apparel
0166,JOE SATRIANI | $40,Joe Satriani | Wormhole Tour<br>MEDIUM | 100% Preshrunk Cotton | Hanes
0167,THE CRYSTAL METHOD | $40,The Crystal Method | Divided By Night 2009 Tour<br>SMALL | Unlisted (cotton/blend) | YST
0168,THE MARS VOLTA | $50,LARGE | 90% Combed Cotton/10% Polyester | Royal Apparel
0169,THE REAL MCKENZIES | $40,LARGE | 100% Preshrunk Cotton | Anvil
0170,M. WARD | $40,MEDIUM | 50% Polyester/38% Cotton/12% Rayon | Alternative Apparel
0171,AMON AMARTH | $40,Amon Amarth | North American 2016 Tour<br>SMALL | 100% Cotton | Gildan
0172,THE SHINS | $40,MEDIUM | 100% Cotton | Rock1
0173,GOGOL BORDELLO | $40,LARGE | 100% Combed Cotton | American Apparel
0174,THE SMASHING PUMPKINS | $50,The Smashing Pumpkins | 2007 Tour<br>LARGE | 100% Preshrunk Cotton | Anvil
0175,SECRET CHIEFS 3 | $40,MEDIUM | 100% Cotton | Fruit of the Loom
0176,WEEN | $80,Ween | January 2011 Tour<br>MEDIUM | 100% Preshrunk Cotton | Anvil
0177,MEAT BEAT MANIFESTO | $40,MEDIUM | 100% Preshrunk Ringspun Cotton | Tultex
0178,GODSPEED YOU! BLACK EMPEROR | $40,Godspeed You! Black Emperor | Allelujah Don't Bend Ascend<br>MEDIUM | Unlisted (cotton/blend) | Alternative Earth
0179,APOCALYPTICA | $40,Apocalyptica | Shadowmaker 2016 Tour<br>SMALL | 100% Preshrunk Ringspun Cotton | Tultex
0180,SONIC YOUTH | $50,MEDIUM | 100% Combed Cotton | Royal Apparel
0181,THE FAINT | $40,MEDIUM | 100% Cotton
0182,TITUS ANDRONICUS | $40,Titus Andronicus | TMLT Across America 2015 Tour<br>SMALL | 100% Combed Cotton | American Apparel
0183,DREDG | $40,LARGE | 90% Preshrunk Combed Ringspun Cotton/10% Polyester | Tultex
0184,PRINCE | $100,Prince | Piano & A Microphone<br>SMALL | 100% Cotton | Canvas
0185,THE MARS VOLTA | $60,LARGE | 100% Preshrunk Cotton | Alstyle Apparel & Activewear
0186,DEATH GRIPS | $60,Death Grips | 2015 North American Tour<br>MEDIUM | 100% Cotton | Gildan
0187,THE JESUS AND MARY CHAIN | $40,LARGE | 100% Cotton | Gildan
0188,TUNE-YARDS | $40,SMALL | 100% Preshrunk Ringspun Cotton | Anvil
0189,SONATA ARCTICA | $40,Sonata Arctica | North American 2016 Tour<br>SMALL | 100% Cotton | Gildan
0190,OWL CITY | $50,Owl City | Spring Tour 2010<br>MEDIUM | Unlisted (cotton/blend) | Owl Eyes (Owl City Merch)
0191,OM | $40,MEDIUM | 100% Preshrunk Cotton | Gildan
0192,GENERATION AXE | $50,Generation Axe | 2016 Tour<br>SMALL | 100% Preshrunk Cotton | District
0193,'WEIRD AL' YANKOVIC | $50,'Weird Al' Yankovic | Alpocalypse Tour 2011<br>MEDIUM | 100% Preshrunk Cotton | Anvil
0194,TITUS ANDRONICUS | $40,SMALL | 100% Combed Cotton | American Apparel
0195,GWAR | $40,GWAR | Lust In Space 2009-2010 Tour<br>MEDIUM | 100% Preshrunk Cotton | Anvil
0196,THE MARS VOLTA | $60,LARGE | 100% Combed Ringspun Cotton | Tultex
0197,THE RESIDENTS | $40,The Residents | Shadowland North America 2016<br>SMALL | 100% Cotton | Gildan
0198,LAIBACH | $40,Laibach | We Come In Peace: North America Tour 2015<br>SMALL | 100% Preshrunk Cotton | Hanes
0199,STRAWBERRY GIRLS | $40,SMALL | 100% Ringspun Cotton | Tultex
0200,PRIMUS | $60,Primus | New Year's Eve 2012: Hawaiian Hukilau<br>MEDIUM | 50% Combed Cotton/50% Polyester | American Apparel
0201,CHELSEA WOLFE | $40,SMALL | 100% Cotton | Next Level apparel
0202,THE DARKNESS | $40,SMALL | 100% Preshrunk Ringspun Cotton | Tultex
0203,TRANS-SIBERIAN ORCHESTRA | $50,Trans-Siberian Orchestra | 2015 Tour<br>SMALL | 100% Cotton | Gildan
0204,THAT 1 GUY AND THE MAGIC PIPE | $40,That 1 Guy and the Magic Pipe | Mustaches & Laser Beams<br>SMALL | 100% Preshrunk Ringspun Cotton | Anvil
0205,JUSTICE | $50,Justice | World Tour 2012<br>SMALL | 100% Preshrunk Cotton | Gildan
0206,GODSPEED YOU! BLACK EMPEROR | $40,Godspeed You! Black Emperor | We Could Not Pass In Their World / Their World Was Destroyed'<br>SMALL | Unlisted (cotton/blend) | Alternative
0207,ALICE COOPER | $50,Alice Cooper | Raise The Dead 2012/2013 Tour<br>SMALL | 100% Cotton | Hanes
0208,KAMASI WASHINGTON | $40,SMALL | 100% Cotton | Canvas
0209,ROYAL THUNDER | $40,SMALL | 100% Cotton | Gildan
0210,FESTIVAL OF THE GOLDEN GATE | $40,Festival of the Golden Gate | 2006<br>SMALL | 100% Preshrunk Cotton | Port and Company
0211,DIE ROTEN PUNKTE | $40,SMALL | 100% Preshrunk Cotton | Gildan
0212,FESTIVAL OF THE GOLDEN GATE | $40,Festival of the Golden Gate | 2006<br>MEDIUM | 100% Preshrunk Cotton | Port and Company
0213,LOREENA MCKENNITT | $40,Loreena McKennitt | Troubadours on the Rhine (A Trio Performance) 2016 Tour<br>SMALL | 100% Cotton | Gildan
0214,SLEATER-KINNEY | $40,Sleater-Kinney | No Cities To Love 2015 Tour<br>SMALL | 100% Combed Cotton | American Apparel
0215,PEELANDER-Z | $40,MEDIUM | 100% Cotton | Fruit of the Loom
0216,A PERFECT CIRCLE | $70,A Perfect Circle | 2010 Tour (eMOTIVe)<br>MEDIUM | 100% Cotton | Bay Island Sportswear
0217,CARINA ROUND | $40,SMALL | 100% Preshrunk Ringspun Cotton | Tultex
0218,BLACKFIELD | $40,Blackfield | Welcome To My DNA<br>MEDIUM | 100% Preshrunk Cotton | Gildan
0219,CARINA ROUND | $40,SMALL | 50% Combed Cotton/50% Polyester | American Apparel
0220,A PERFECT CIRCLE | $70,A Perfect Circle | 2010 Tour (Thirteenth Step)<br>MEDIUM | 100% Cotton | Bay Island Sportswear
0221,THE FAINT | $40,LARGE | 50% Polyester/25% Combed Cotton/25% Rayon | American Apparel
0222,ARCADE FIRE | $60,Arcade Fire | North American 2010 Tour<br>MEDIUM | 100% Combed Cotton | American Apparel
0223,DRAGONFORCE | $40,SMALL | 100% Cotton | Alstyle Apparel & Activewear
0224,MARKETA IRGLOVA | $40,Marketa Irglova | ANAR<br>MEDIUM | 100% Cotton | Fruit of the Loom
0225,THE STONE FOXES | $40,LARGE | 100% Preshrunk Ringspun Cotton | Tultex
0226,A PERFECT CIRCLE | $70,A Perfect Circle | 2010 Tour (Mer de Noms)<br>MEDIUM | 100% Cotton | Bay Island Sportswear
0227,SIGUR RÓS | $50,LARGE | 100% Combed Cotton | American Apparel
0228,X JAPAN | $40,X Japan | North America 2010 Tour<br>MEDIUM | 100% Cotton | Bay Island Sportswear
0229,THE PRESIDENTS OF THE UNITED STATES OF AMERICA | $50,The Presidents Of The United States Of America | Self Titled US Tour 2013<br>SMALL | 100% Cotton | Canvas
0230,DREAM THEATER | $50,Dream Theater | Progressive Nation 2008<br>LARGE | 100% Preshrunk Cotton | Anvil
0231,SPOEK MATHAMBO | $40,MEDIUM | 50% Combed Cotton/50% Polyester | American Apparel
0232,PETER HOOK & THE LIGHT | $40,Peter Hook & The Light | Unknown Pleasures North America 2010 Tour<br>MEDIUM | 100% Preshrunk Cotton | Hanes
0233,FUTURE OF THE LEFT | $40,SMALL | 100% Preshrunk Ringspun Cotton | Tultex
0234,DEADMAU5 | $60,deadmau5 | Lots Of Shows In A Row 2017 Tour<br>SMALL | 100% Cotton
0235,AMANDA PALMER | $40,WOMEN'S LARGE | 100% Combed Cotton | American Apparel
0236,HAMILTON: AN AMERICAN MUSICAL | $60,Hamilton: An American Musical | San Francisco Tour<br>SMALL | 100% Cotton | Creative Goods
0237,SIGUR RÓS | $70,Sigur Rós | Walt Disney Concert Hall 2017 Residency (w/LA Philharmonic Orchestra)<br>SMALL | 100% Cotton | Canvas
0238,AMANDA PALMER AND THE GRAND THEFT ORCHESTRA | $40,Amanda Palmer and the Grand Theft Orchestra | 2012 Tour<br>SMALL | 100% Preshrunk Cotton | Anvil
0239,FUN. | $60,fun. | Out In Your Town Tour 2013<br>SMALL | 50% Polyester/25% Cotton/25% Rayon | Next Level apparel
0240,ART BRUT | $40,SMALL | 100% Combed Cotton | American Apparel
0241,THEY MIGHT BE GIANTS | $40,They Might Be Giants | 2011 Tour<br>MEDIUM | 100% Cotton | Fruit of the Loom
0242,RANCID / COCK SPARRER | $50,Rancid / Cock Sparrer | San Francisco Belongs To Us' Warfield Residency<br>MEDIUM | 100% Preshrunk Cotton | Gildan
0243,CARAVAN PALACE | $40,SMALL | 100% Preshrunk Ringspun Cotton | Tultex
0244,SWANS | $40,WOMEN'S LARGE | Preshrunk 65% Polyester/35% Ringspun Cotton | Tultex
0245,MC LARS | $40,MEDIUM | 100% Preshrunk Cotton | Gildan
0246,YANN TIERSEN | $40,SMALL | 60% Cotton/40% Polyester | Continental
0247,SIGUR RÓS | $50,Sigur Rós | Spring Tour 2013<br>SMALL | 50% Combed Cotton/50% Polyester | American Apparel
0248,OURS | $40,WOMEN'S LARGE | 100% Cotton | Alternative Apparel
0249,MUTE MATH | $40,Mute Math | Odd Soul 2012 Tour<br>MEDIUM | Preshrunk 65% Polyester/35% Ringspun Cotton | Tultex
0250,FLORENCE + THE MACHINE | $50,MEDIUM | 100% Preshrunk Cotton | Gildan
0251,FLIGHT OF THE CONCHORDS | $50,Flight of the Conchords | North American Tour 2016<br>SMALL | Preshrunk 65% Polyester/35% Ringspun Cotton | Tultex
0252,LADYTRON | $40,MEDIUM | 100% Cotton | Next Level apparel
0253,BUTTHOLE SURFERS | $40,SMALL | 100% Preshrunk Cotton | Gildan
0254,SHPONGLE | $60,Shpongle | Alive In Concert 2011: Halloween In America<br>MEDIUM | 100% Cotton | Alstyle Apparel & Activewear
0255,VAST | $40,LARGE | 100% Ringspun Cotton | Hanes
0256,PATRICK WATSON | $40,SMALL | 100% Combed Cotton | American Apparel
0257,DEVIN TOWNSEND | $40,Devin Townsend | Epic Kings & Idols: North America 2012 Tour<br>SMALL | 100% Preshrunk Cotton | Anvil
0258,WALK OFF THE EARTH | $40,MEDIUM | 50% Cotton/50% Polyester | Bay Island Sportswear
0259,ANDREW W.K. | $40,Andrew W.K. | Ten Years Of Partying: Anniversary World Tour 2012<br>MEDIUM | 100% Cotton | Bay Island Sportswear
0260,THE AVENGERS | $40,WOMEN'S LARGE | Preshrunk 100% Ringspun Cotton | Tultex
0261,THE ADICTS | $40,The Adicts | All The Young Droogs 2012 Tour<br>MEDIUM | Preshrunk 100% Ringspun Cotton | Anvil
0262,SPARKS | $40,Sparks | Two Hands One Mouth Tour<br>SMALL | 100% Preshrunk Cotton | Gildan
0263,ANAMANAGUCHI | $50,SMALL | 50% Combed Cotton/50% Polyester | American Apparel
0264,CINQUANTA: 50 YEARS OF MAYNARD JAMES KEENAN | $100,Cinquanta: 50 Years of Maynard James Keenan | Puscifer / A Perfect Circle / Failure<br>SMALL | Preshrunk 100% Ringspun Cotton | Tultex
0265,SWANS | $40,Swans | The Seer<br>MEDIUM | Preshrunk 100% Ringspun Cotton | Tultex
0266,FAILURE | $40,Failure | Tree Of Stars 2014 Tour<br>SMALL | 50% Polyester/25% Cotton/25% Rayon | Next Level apparel
0267,RED ELVISES | $30,LARGE | 100% Preshrunk Cotton | Hanes
0268,SF SKETCHFEST | $40,SF Sketchfest | 2012 San Francisco Comedy Festival<br>MEDIUM | 100% Cotton | Canvas
0269,THE SMASHING PUMPKINS | $40,The Smashing Pumpkins | Zeitgeist 4:20<br>MEDIUM | 100% Preshrunk Cotton | Anvil
0270,OF MONTREAL | $40,of Montreal | Paralytic Stalks<br>MEDIUM | 100% Preshrunk Cotton | Gildan
0271,QUICKSAND | $40,Quicksand | Winter Tour 2013<br>SMALL | 100% Cotton
0272,BUSH | $40,Bush | 2015 Winter Tour<br>SMALL | 55% Cotton/45% Polyester | Canvas
0273,BROKEN LIZARD (OF SUPER TROOPERS FAME) | $40,Broken Lizard (of Super Troopers fame) | Live Tour 2009<br>MEDIUM | 100% Combed Ringspun Cotton | Tultex
0274,BENT KNEE | $40,SMALL | Preshrunk 100% Ringspun Cotton | Tultex
0275,YES | $50,Yes | Tour 2011<br>MEDIUM | 100% Cotton | Bay Island Sportswear
0276,WALK OFF THE EARTH | $40,SMALL | Preshrunk 100% Ringspun Cotton | Tultex
0277,RADIOHEAD | $100,Radiohead | XENDLESS XUBURBIA<br>LARGE | 100% Organic Cotton
0278,REEL BIG FISH | $40,Reel Big Fish | Summer Of Ska 2012<br>SMALL | 100% Preshrunk Cotton | Anvil
0279,THE WAILERS | $40,MEDIUM | 100% Preshrunk Cotton | Gildan
0280,ROB ZOMBIE | $40,Rob Zombie | 2014 Tour<br>MEDIUM | 100% Cotton | Hanes
0281,GREEN DAY | $60,Green Day | 21st Century Breakdown<br>MEDIUM | 100% Preshrunk Cotton | Anvil
0282,PETER HOOK & THE LIGHT | $40,Peter Hook & The Light | A Celebration of Joy Division: North American Tour 2011<br>MEDIUM | 100% Cotton | Alstyle Apparel & Activewear
0283,JEAN-MICHEL JARRE | $50,Jean-Michel Jarre | Electronica North American Tour 2017<br>SMALL | Unlisted (cotton/blend)/A
0284,THE DREAMING (STABBING WESTWARD) | $40,The Dreaming (Stabbing Westward) | Rise Again<br>SMALL | 100% Cotton | Alstyle Apparel & Activewear
0285,LEE 'SCRATCH' PERRY | $40,Lee 'Scratch' Perry | The King Of Dub<br>LARGE | 100% Preshrunk Cotton | Gildan
0286,RED BARAAT | $40,SMALL | Preshrunk 100% Ringspun Cotton | Anvil
0287,CAKE | $40,MEDIUM | 90% Combed Cotton/10% Polyester | American Apparel
0288,DWARVES | $40,Dwarves | 25 Years: The Dwarves Are Born Again<br>MEDIUM | 100% Cotton | Alstyle Apparel & Activewear
0289,PEELANDER-Z | $40,SMALL | 100% Cotton | Alstyle Apparel & Activewear
0290,DEVO | $50,DEVO | Tour 2011<br>MEDIUM | 100% Cotton | Startee
0291,LOW | $40,MEDIUM | 100% Combed Cotton | American Apparel
0292,SHE WANTS REVENGE | $40,She Wants Revenge | Valleyheart Tour 2011<br>MEDIUM | 100% Cotton | Bay Island Sportswear
0293,ANTEMASQUE | $50,SMALL | 100% Combed Cotton | American Apparel
0294,MEGADETH | $40,Megadeth | United Abominations Tour of Duty 2007<br>LARGE | 100% Preshrunk Cotton | Anvil
0295,FUCK BUTTONS | $40,SMALL | 100% Combed Cotton | American Apparel
0296,FUCKED UP | $40,Fucked Up | Queen Of Hearts (David Comes To Life)<br>SMALL | Unlisted (cotton/blend)/A | Peace and Cotton
0297,MASSIVE ATTACK | $40,Massive Attack | Heligoland<br>MEDIUM | 100% Combed Cotton | American Apparel
0298,OUTSIDE LANDS MUSIC & ARTS FESTIVAL | $50,Outside Lands Music & Arts Festival | 2012<br>MEDIUM | 100% Organic Cotton | Anvil
0299,CLIPPING. | $40,MEDIUM | 100% Combed Cotton | Royal Apparel
0300,PUSCIFER | $50,Puscifer | Conditions Of My Parole Tour 2011<br>MEDIUM | 65% Polyester/35% Cotton | Next Level apparel
0301,DRAGONFORCE | $40,DragonForce | Maximum Overload North America 2015<br>SMALL | Preshrunk 100% Ringspun Cotton | Tultex
0302,CAT POWER | $40,LARGE | 100% Combed Cotton | American Apparel
0303,JÓNSI (SIGUR RÓS) | $50,MEDIUM | 100% Organic Cotton | Earth Positive
0304,SPARKS | $40,SMALL | 100% Cotton | Gildan
0305,ANDREW W.K. | $40,Andrew W.K. | The Party Never Dies: Live in Concert with His Full Band 2017<br>SMALL | Preshrunk 100% Ringspun Cotton | Tultex
0306,NEUTRAL MILK HOTEL | $60,SMALL | 50% Polyester/25% Combed Cotton/25% Rayon | American Apparel
0307,FAITH NO MORE | $50,SMALL | 100% Ringspun Cotton | Anvil
0308,SIGUR RÓS | $50,SMALL | 100% Cotton | Canvas
0309,THE MAGNETIC FIELDS | $40,MEDIUM | 100% Combed Cotton | American Apparel
0310,JOHN CARPENTER | $40,John Carpenter | Live Retrospectove 2016 Tour<br>SMALL | 100% Ringspun Cotton | Gildan
0311,RICHARD CHEESE | $40,Richard Cheese | 2008 American Tour<br>LARGE | 100% Preshrunk Cotton | Gildan
0312,AC/DC | $100,AC/DC | The Rock or Bust: San Francisco September 25th / AT&T Park / North America 2015<br>SMALL | Preshrunk 100% Ringspun Cotton | Tultex
0313,MAC SABBATH | $40,SMALL | 100% Cotton | Hanes
0314,WALK OFF THE EARTH | $40,Walk Off The Earth | R.E.V.O. 2012 Tour<br>SMALL | 100% Cotton | Alstyle Apparel & Activewear
0315,SUNN O))) | $40,Sunn O))) | Let There Be Drone: North America 2016 Tour<br>SMALL | Preshrunk 100% Ringspun Cotton | Tultex
0316,FLOGGING MOLLY | $40,MEDIUM | 100% Preshrunk Cotton | Gildan
0317,THE DECEMBERISTS | $40,The Decemberists | The Popes Of Pendarvia 2011 Tour<br>MEDIUM | 100% Combed Cotton | American Apparel
0318,THE DEAD KENNY G'S (SKERIK + JAY LANE OF PRIMUS) | $40,LARGE | 100% Combed Cotton | American Apparel
0319,INTERPOL | $40,Interpol | TwoThousandTen_4<br>MEDIUM | 100% Combed Cotton | American Apparel
0320,TUNE-YARDS | $40,SMALL | 100% Combed Cotton | American Apparel
0321,SOUNDGARDEN | $60,Soundgarden | 2011 Tour<br>MEDIUM | Preshrunk 100% Ringspun Cotton | Tultex
0322,FEVER RAY | $40,MEDIUM | Unlisted (cotton/blend)/A | Sandbag
0323,IRON MAIDEN | $80,Iron Maiden | The Book Of Souls World Tour 2017: California<br>SMALL | 100% Cotton | Gildan
0324,THE JON SPENCER BLUES EXPLOSION | $40,MEDIUM | 100% Cotton | Next Level apparel
0325,THE ADICTS | $40,MEDIUM | 100% Preshrunk Cotton | Gildan
0326,FUTURE OF THE LEFT | $40,SMALL | 100% Preshrunk Cotton | Gildan
0327,MINISTRY / REVOLTING COCKS | $40,Ministry / Revolting Cocks | Masterbätour 2006<br>LARGE | 100% Preshrunk Cotton | Murina
0328,AUTOLUX | $40,SMALL | 100% Cotton | Autolux by Lister
0329,MINDLESS SELF INDULGENCE | $50,Mindless Self Indulgence | 2012 Tour<br>MEDIUM | Preshrunk 100% Ringspun Cotton | Tultex
0330,ANTEMASQUE | $50,SMALL | 100% Cotton | Bay Island Sportswear
0331,PUBLIC IMAGE LTD | $40,Public Image Ltd | This Is PIL North American Tour 2012<br>MEDIUM | Preshrunk 100% Ringspun Cotton | Tultex
0332,FRANZ FERDINAND | $40,Franz Ferdinand | 2009 Tour<br>MEDIUM | 100% Combed Cotton | US Tees
0333,SCISSOR SISTERS | $40,MEDIUM | 100% Combed Cotton | American Apparel
0334,SEAL | $40,Seal | Soul Tour 2009<br>LARGE | 100% Cotton | Bay Island Sportswear
0335,TV ON THE RADIO | $40,MEDIUM | 50% Polyester / 25% Combed Cotton / 25% Rayon | American Apparel
0336,OWL CITY | $40,Owl City | 2009 Tour<br>MEDIUM | 100% Combed Cotton | American Apparel
0337,PLACEBO | $40,Placebo | North American 2007 Tour<br>LARGE | Preshrunk 100% Cotton | Anvil
0338,MC CHRIS | $40,MC Chris | The Hellraiser Tour<br>MEDIUM | 100% Cotton | Fruit of the Loom
0339,PRIMUS | $40,MEDIUM | 100% Combed Cotton | American Apparel
0340,FUN. | $50,SMALL | Preshrunk 100% Ringspun Cotton | Tultex
0341,THE DECEMBERISTS | $40,The Decemberists | A Short Fazed Hovel Tour 2009<br>MEDIUM | 100% Combed Cotton | American Apparel
0342,SIGUR RÓS | $50,Sigur Rós | 2008 Tour<br>MEDIUM | 100% Cotton
0343,UNDERCOVER PRESENTS | $20,Undercover Presents | A Tribute To Green Day's 'Dookie'<br>SMALL | 100% Cotton | Next Level apparel
0344,KELE (OF BLOC PARTY) + DOES IT OFFEND YOU YEAH? + INNERPARTYSYSTEM | $40,Kele (of Bloc Party) + Does It Offend You Yeah? + Innerpartysystem | Nylon Music Tour Fall 2010<br>MEDIUM | Preshrunk 100% Cotton | Anvil
0345,JUSTICE | $50,Justice | World Tour 2012<br>MEDIUM | 100% Cotton Preshrunk  | Startee
0346,CARAVAN PALACE | $40,SMALL | 100% Combed Cotton | American Apparel
0347,CONVERGE | $40,SMALL | Preshrunk 100% Ringspun Cotton | Tultex
0348,MATMOS | $40,LARGE | 100% Cotton | Gildan
0349,IGGY POP AND THE STOOGES | $50,MEDIUM | 100% Cotton | Bay Island Sportswear
0350,JANE'S ADDICTION | $40,Jane's Addiction | 2012 Tour<br>SMALL | 100% Preshrunk Cotton | Gildan
0351,ELECTRIC SIX | $40,MEDIUM | 100% Cotton Preshrunk  | Gildan
0352,NUCLEAR RABBIT | $40,LARGE | 100% Preshrunk Cotton | Anvil
0353,DAVID BYRNE + ST. VINCENT | $60,David Byrne + St. Vincent | Love This Giant Tour 2012<br>SMALL | 50% Cotton/50% Polyester | American Apparel
0354,VAMPIRE WEEKEND | $40,Vampire Weekend | 2010 North American Tour<br>MEDIUM | 100% Combed Cotton | American Apparel
0355,BIG BAD VOODOO DADDY | $40,MEDIUM | 100% Cotton | Hanes
0356,RON WHITE | $40,MEDIUM | 100% Cotton | Alstyle Apparel & Activewear
0357,COLLECTIVE SOUL | $40,Collective Soul | Dosage Tour 2012<br>MEDIUM | Unlisted (cotton/blend)/A | Control
0358,PEEPING TOM | $40,LARGE | Preshrunk 100% Cotton | Cinder Block
0359,SOCIAL DISTORTION | $40,Social Distortion | Winter US Tour 2007 & 2008<br>N/A | Unlisted (cotton/blend)/A
0360,PRIMUS | $50,Primus | 2006 Tour<br>MEDIUM | 100% Cotton Preshrunk  | Tennessee River
0361,PLACEBO | $40,Placebo | 2006 Tour<br>MEDIUM | Preshrunk 100% Cotton | Anvil
0362,AMON TOBIN | $40,Amon Tobin | ISAM Live Tour 2011<br>MEDIUM | Preshrunk 100% Ringspun Cotton | Anvil
0363,HARDLY STRICTLY BLUEGRASS | $40,Hardly Strictly Bluegrass | 2011 Festival<br>LARGE | 100% Combed Cotton | American Apparel
0364,THE AUSTRALIAN PINK FLOYD SHOW | $40,The Australian Pink Floyd Show | Greatest Hits Tour 2011<br>MEDIUM | Preshrunk 100% Ringspun Cotton | Tultex
0365,OPETH | $40,Opeth | Heritage North America 2011<br>MEDIUM | Preshrunk 100% Cotton | Anvil
0366,RHAPSODY OF FIRE | $40,Rhapsody of Fire | From Chaos to Eternity World Tour<br>XLARGE | Preshrunk 100% Cotton | Anvil
0367,A PERFECT CIRCLE | $60,A Perfect Circle | Tour 2011<br>MEDIUM | 100% Cotton | Bay Island Sportswear
0368,JONATHAN COULTON | $40,Jonathan Coulton | Artificial Heart Tour 2012<br>MEDIUM | 100% Combed Cotton | American Apparel
0369,PATRICK WOLF | $40,Patrick Wolf | 2012 Tour<br>SMALL | 100% Cotton | Next Level apparel
0370,NIGHTWISH | $40,Nightwish | Imaginaerum North American Tour 2012<br>SMALL | 100% Preshrunk Cotton | Anvil
0371,KMFDM | $40,KMFDM | North America 2011<br>MEDIUM | 100% Cotton Preshrunk  | Gildan
0372,AMON TOBIN | $40,MEDIUM | Preshrunk 100% Ringspun Cotton | Tultex
0373,STS9 | $40,STS9 | Peaceblaster<br>MEDIUM | Combed Cotton | American Apparel
0374,GWAR | $40,GWAR | Fate of Chaos Tour 2012<br>SMALL | 100% Cotton Preshrunk  | Gildan
0375,A SILVER MT. ZION | $40,MEDIUM | 100% Bamboo | Jerico
0376,IN FLAMES | $40,In Flames | Come Clarity 2006 Tour<br>MEDIUM | 100% Preshrunk Cotton | Gildan
0377,GOGOL BORDELLO | $40,Gogol Bordello | Forces Of Victory Tour 2008<br>LARGE | 100% Cotton | Gildan
0378,THE POLYPHONIC SPREE | $40,MEDIUM | 100% Cotton | Canvas
0379,MINIBOSSES | $30,Minibosses | Get In The Minivan Minitour 2012<br>SMALL | 100% Cotton | Next Level apparel
0380,APOCALYPTICA | $40,Apocalyptica | Worlds Collide Tour 2008<br>LARGE | Preshrunk 100% Cotton | Anvil
0381,THE DEAD MILKMEN | $40,MEDIUM | Preshrunk 100% Cotton | Anvil
0382,ALGIERS | $40,SMALL | 100% Cotton | Next Level apparel
0383,TRANS-SIBERIAN ORCHESTRA | $50,Trans-Siberian Orchestra | Winter Tour 2012<br>SMALL | 100% Cotton | Hanes
0384,TUNE-YARDS | $40,MEDIUM | 100% Combed Cotton | American Apparel
0385,THERION | $40,LARGE | 100% Cotton Preshrunk  | Gildan
0386,WALK OFF THE EARTH | $40,MEDIUM | 50% Cotton/50% Polyester | Bay Island Sportswear
0387,THE DRESDEN DOLLS | $40,MEDIUM | Preshrunk 100% Ringspun Cotton | Tultex
0388,NOFX | $70,NOFX | 25th Anniversary: 2/15/09 San Francisco CA at Slim's<br>MEDIUM | 100% Combed Cotton | Sun International
0389,LEONARD COHEN | $70,Leonard Cohen | 2009 Tour<br>MEDIUM | Unlisted (cotton/blend) | Earth Positive
0390,FLOGGING MOLLY | $40,Flogging Molly | The 7th Annual Green 17 Tour 2011<br>SMALL | Preshrunk 100% Cotton
0391,PORTISHEAD | $60,Portishead | North American Tour 2011<br>MEDIUM | Preshrunk 100% Ringspun Cotton | Sandbag
0392,ANAMANAGUCHI | $50,SMALL | 100% Cotton | Hanes
0393,TREASURE ISLAND MUSIC FESTIVAL | $50,Treasure Island Music Festival | 2010 // STAFF SHIRT<br>LARGE | Unlisted (cotton/blend) | Hanes
0394,SAUL WILLIAMS | $30,SMALL | 100% Cotton Preshrunk  | Gildan
0395,LADYTRON | $40,Ladytron | Velocifero Tour 2008<br>LARGE | 100% Combed Cotton | American Apparel
0396,MORBID ANGEL / BEHEMOTH / KRISIUN / DESPISED ICON | $40,Morbid Angel / Behemoth / Krisiun / Despised Icon | Masters Of Chaos Tour 2006<br>LARGE | 100% Preshrunk Cotton | Anvil
0397,MGMT | $50,LARGE | 100% Combed Cotton | American Apparel
0398,JAPANDROIDS | $40,Japandroids | North America 2017<br>MEDIUM | Unlisted (cotton/blend) | King's Road Merch
0399,EDDIE IZZARD | $50,Eddie Izzard | Force Majeure<br>SMALL | 100% Cotton | Gildan
0400,MEGADETH | $100,Megadeth | Limited Edition BDU<br>MEDIUM | 65% Polyester / 35% Cotton | Rothco
0401,STEVEN WILSON | $40,Steven Wilson | Tour 2015<br>SMALL | 100% Cotton | Gildan
0402,FU MANCHU | $40,MEDIUM | 100% Cotton | Fruit of the Loom
0403,ANVIL | $40,Anvil | 37 Years: Pounding Metal 1977-2014<br>LARGE | 50% Cotton / 50% Polyester | Gildan
0404,THE BOUNCING SOULS | $40,SMALL | 100% Preshrunk Cotton | Anvil
0405,PEARL JAM | $50,Pearl Jam | 2006 Tour<br>LARGE | 100% Cotton | Ten Club
0406,GODSPEED YOU! BLACK EMPEROR | $40,LARGE | 100% Organic Cotton | Alternative Earth
0407,DIE ANTWOORD | $50,Die Antwoord | 2012 Da OK USA-N-Wizards Of Oz Tour<br>MEDIUM | 100% Cotton | GoodSmile Company
0408,KMFDM | $40,LARGE | Preshrunk 100% Cotton | Anvil
0409,GAME OF THRONES | $50,Game Of Thrones | Live Concert Experience 2017<br>SMALL | 100% Cotton | Gildan
0410,GREEN DAY | $60,Green Day | Revolution Radio Tour 2016<br>SMALL | 100% Cotton | Next Level apparel
0411,MELVINS | $40,LARGE | 100% Cotton Preshrunk  | Gildan
0412,OONA | $30,WOMEN'S LARGE | 100% Cotton | Bella
0413,THE SOFT MOON | $40,MEDIUM | 100% Cotton
0414,THE POLYPHONIC SPREE | $40,SMALL | 52% Cotton / 48% Polyester | Canvas
0415,MURDER BY DEATH | $40,SMALL | 100% Cotton | Next Level apparel
0416,JANELLE MONÁE | $60,SMALL | 60% Cotton / 40% Polyester | Next Level apparel
0417,GODSPEED YOU! BLACK EMPEROR | $40,SMALL | 100% Cotton | Next Level apparel
0418,TERA MELOS | $40,MEDIUM | 100% Combed Cotton | American Apparel
0419,PUSCIFER | $50,Puscifer | Money Shot Tour 2015<br>SMALL | 100% Cotton | Canvas
0420,LA PHILHARMONIC | $40,LA Philharmonic | Reykjavík Festival 2017<br>SMALL | 100% Cotton
0421,THE JANE AUSTEN ARGUMENT | $30,MEDIUM | Unlisted (cotton/blend) | Hanes
0422,DEADMAU5 | $60,deadmau5 | Meowingtons Hax Tour 2011<br>MEDIUM | 100% Cotton | Bay Island Sportswear
0423,THE FEROCIOUS FEW | $30,MEDIUM | 50% Preshrunk Cotton / 50% Polyester | Port and Company
0424,DREAM THEATER | $50,Dream Theater | A Dramatic Tour Of Events 2011<br>MEDIUM | 100% Cotton | Hanes
0425,NICKEL CREEK | $40,Nickel Creek | 2014 Tour<br>SMALL | 100% Cotton | Next Level apparel
0426,PHISH | $70,Phish | We Gotta Get On The Road Summer Tour 2011<br>MEDIUM | 60% Cotton / 40% Polyester | Next Level apparel
0427,OHGR | $40,ohGr | Western Fallout 2011 Tour<br>MEDIUM | 100% Cotton Preshrunk  | Gildan
0428,RODRIGO Y GABRIELA | $40,Rodrigo y Gabriela | C.U.B.A Tour 2012<br>MEDIUM | 100% Organic Cotton | Anvil
0429,MINUS THE BEAR | $40,MEDIUM | 100% Cotton Preshrunk  | Gildan
0430,VNV NATION | $40,MEDIUM | 100% Cotton | Industrial Shirts
0431,THE MAGNETIC FIELDS | $40,SMALL | 100% Preshrunk Cotton | Hanes
0432,CLOUD NOTHINGS | $40,SMALL | 52% Cotton / 48% Polyester | Canvas
0433,SIGUR RÓS | $50,Sigur Rós | Spring Tour 2013<br>SMALL | 100% Combed Cotton | American Apparel
0434,SF SKETCHFEST | $40,SF Sketchfest | 14th Annual / 2015<br>SMALL | 60% Cotton /  40% Polyester | Headline Shirts
0435,REFUSED | $40,Refused | Freedom 2015<br>SMALL | 100% Combed Cotton | American Apparel
0436,A PLACE TO BURY STRANGERS | $40,MEDIUM | 50% Polyester / 25% Combed Cotton / 25% Rayon | American Apparel
0437,PIERCED ARROWS | $40,MEDIUM | 50% Preshrunk Cotton / 50% Polyester | Hanes
0438,THE PROTOMEN | $40,SMALL | 100% Cotton Preshrunk  | Gildan
0439,SLEEP | $40,Sleep | 2012 Tour<br>MEDIUM | Preshrunk 100% Cotton | Anvil
0440,MAD NOISE | $30,MEDIUM | 100% Cotton | Jerzees
0441,SF SKETCHFEST | $40,SF Sketchfest | 12th Annual / 2013<br>SMALL | 100% Cotton | Headline Shirts
0442,BOSNIAN RAINBOWS (OMAR RODRIGUEZ-LOPEZ GROUP) | $40,SMALL | 50% Polyester / 25% Combed Cotton / 25% Rayon | American Apparel
0443,DREDG | $40,LARGE | 50% Cotton / 50% Polyester | Fruit of the Loom
0444,SPOON | $50,MEDIUM | 100% Cotton | Bay Island Sportswear
0445,DIR EN GREY | $50,Dir en grey | Never Free From The Awakening Tour 2015<br>SMALL | Preshrunk 100% Ringspun Cotton | Tultex
0446,SF SKETCHFEST | $40,SF Sketchfest | 15th Annual / 2016<br>SMALL | 100% Cotton | Headline Shirts
0447,FFS (FRANZ FERDINAND + SPARKS) | $40,SMALL | 100% Cotton | Gildan
0448,JANELLE MONÁE | $50,MEDIUM | 100% Cotton Preshrunk  | Startee
0449,BUILT TO SPILL | $40,LARGE | 100% Preshrunk Cotton | Hanes
0450,THE MUMLERS | $30,MEDIUM | 50% Polyester / 25% Combed Cotton / 25% Rayon | American Apparel
0451,KIMBRA | $40,SMALL | 100% Cotton | Startee
0452,THE AUSTRALIAN PINK FLOYD SHOW | $40,The Australian Pink Floyd Show | Big Pink Greatest Hits World Tour 2009<br>MEDIUM | Preshrunk 100% Cotton | Anvil
0453,SUFJAN STEVENS | $40,MEDIUM | 100% Combed Cotton | American Apparel
0454,MODEST MOUSE | $40,SMALL | 100% Combed Cotton | American Apparel
0455,PORCUPINE TREE | $40,Porcupine Tree | USA 2010 Tour<br>MEDIUM | 100% Cotton Preshrunk  | Gildan
0456,DITA VON TEESE | $40,MEDIUM | 100% Cotton Preshrunk  | Gildan
0457,INTRONAUT | $40,Intronaut | Habitually Touring 2013<br>SMALL | Preshrunk 100% Cotton | Anvil
0458,PUSCIFER | $50,Puscifer | Conditions Of My Parole Tour 2012<br>MEDIUM | 65% Polyester / 35% Cotton | Next Level apparel
0459,MAGMA | $40,Magma | The Endless Tour 2015<br>SMALL | 100% Cotton | Port and Company
0460,PUBLIC SERVICE BROADCASTING | $40,MEDIUM | Preshrunk 100% Cotton | District
0461,AMANDA PALMER AND THE GRAND THEFT ORCHESTRA | $40,Amanda Palmer and the Grand Theft Orchestra | Tour 2012<br>MEDIUM | Unlisted (cotton/blend)/A | Hanes
0462,DEATH | $40,MEDIUM | Preshrunk 100% Cotton | Anvil
0463,TREASURE ISLAND MUSIC FESTIVAL | $50,Treasure Island Music Festival | 2011 // STAFF SHIRT<br>MEDIUM | 100% Cotton | Hanes
0464,GHOST | $40,Ghost | Haze Over North America 2013 Tour<br>SMALL | 100% Cotton | Hanes
0465,ECHO & THE BUNNYMEN | $40,Echo & the Bunnymen | Ocean Rain 2009 Mini Tour<br>MEDIUM | 100% Cotton Preshrunk  | Gildan
0466,MASTODON | $40,Mastodon | The Hunter 2011 Tour<br>MEDIUM | 100% Cotton | Hanes
0467,BRIGHT EYES | $40,MEDIUM | 50% Polyester / 25% Combed Cotton / 25% Rayon | American Apparel
0468,SWANS | $40,Swans | To Be Kind World Tour 2014-15<br>SMALL | Preshrunk 100% Ringspun Cotton | Tultex
0469,MELVINS | $40,LARGE | 100% Cotton Preshrunk  | Gildan
0470,JAPANDROIDS | $40,SMALL | 100% Combed Cotton | American Apparel
0471,TUNE-YARDS | $40,MEDIUM | 65% Polyester / 35% Ringspun Cotton | Tultex
0472,NEIL GAIMAN & AMANDA PALMER | $70,Neil Gaiman & Amanda Palmer | 2011 'An Evening With' Tour<br>MEDIUM | 100% Cotton | Hanes
0473,BERT KREISCHER | $40,SMALL | 100% Cotton Preshrunk  | Gildan
0474,PINK MARTINI | $40,MEDIUM | 100% Combed Cotton | American Apparel
0475,BUSH | $40,Bush | Sea of Memories Tour 2011<br>MEDIUM | 100% Cotton | Bay Island Sportswear
0476,FAITH NO MORE | $50,Faith No More | 2015 North American Tour<br>SMALL | 100% Ringspun Cotton | Anvil
0477,GODSPEED YOU! BLACK EMPEROR | $40,SMALL | 100% Organic Cotton | Earth Positive
0478,SPARKS | $40,SMALL | 100% Cotton | Gildan
0479,JAKE SHIMABUKURO | $40,MEDIUM | Unlisted (cotton/blend)
0480,NIGHTWISH | $70,Nightwish | Endless Forms Most Beautiful // April 28 2015 Warfield Theater<br>SMALL | 100% Cotton | Gildan
0481,THE FLAMING LIPS | $100,The Flaming Lips | Peace & Punk Rock Limited Edition // Number 395 of 400<br>MEDIUM | Unlisted (cotton/blend)/A | Warpaint
0482,RODRIGO Y GABRIELA | $40,Rodrigo y Gabriela | 9 Dead Alive Tour 2015 North America<br>SMALL | 52% Cotton / 48% Polyester | Canvas
0483,A SILVER MT. ZION | $40,SMALL | 100% Cotton | Next Level apparel
0484,SIGUR RÓS | $50,Sigur Rós | Valtari 2012 Tour<br>SMALL | 50% Cotton / 50% Polyester | American Apparel
0485,FUN. | $50,fun. | Most Nights Summer Tour 2013<br>SMALL | 50% Polyester / 25% Combed Cotton / 25% Rayon | American Apparel
0486,THE SILENT COMEDY | $30,LARGE | 50% Combed Cotton / 50% Polyester | american Apparel
0487,JUDGMENT DAY | $40,MEDIUM | 100% Cotton | Fruit of the Loom
0488,THE JESUS AND MARY CHAIN | $40,The Jesus and Mary Chain | Psychocandy May 2015 Tour<br>SMALL | 100% Cotton | Gildan
0489,THE MAGNETIC FIELDS | $40,The Magnetic Fields | 50 Song Memoir Tour<br>SMALL | 100% Preshrunk Cotton | Hanes
0490,THE JOY FORMIDABLE | $40,SMALL | Preshrunk 100% Ringspun Cotton | Tultex
0491,BROKEN BELLS | $40,MEDIUM | 100% Combed Cotton | American Apparel
0492,CARPENTER BRUT | $40,Carpenter Brut | North American Tour '1987' (2017)<br>SMALL | 100% Cotton | Gildan
0493,JOHN 5 & THE CREATURES | $40,SMALL | 100% Cotton | Canvas
0494,OPETH | $40,Opeth | Sorceress World Tour 2016<br>SMALL | 100% Cotton | Gildan
0495,ALGIERS | $40,SMALL | 100% Cotton | Gildan
0496,FILTER | $40,Filter | The Anti-Folk Revival in Drop D 2014 Tour<br>SMALL | 100% Cotton Preshrunk  | Gildan
0497,KNEEDELUS (KNEEBODY + DAEDELUS) | $40,SMALL | 100% Combed Cotton | American Apparel
0498,FLOGGING MOLLY | $40,Flogging Molly | World Tour 2015<br>SMALL | 100% Cotton | Gildan
0499,SABATON | $40,Sabaton | Heroes North American Tour 2014<br>SMALL | Preshrunk 100% Cotton | Anvil
0500,NURSE WITH WOUND | $60,Nurse With Wound | Inaugural Public Incident // Great American Music Hall 2006<br>LARGE | Preshrunk 100% Cotton | Anvil
0501,FAITH NO MORE | $50,MEDIUM | 50% Polyester / 25% Cotton / 25% Rayon | Canvas
0502,CHEVELLE | $40,LARGE | 100% Preshrunk Cotton | Hanes
0503,JASON WEBLEY | $40,MEDIUM | 100% Cotton Preshrunk  | Gildan
0504,GODSPEED YOU! BLACK EMPEROR | $40,MEDIUM | 100% Organic Cotton | Earth Positive
0505,DEVIN TOWNSEND PROJECT | $40,Devin Townsend Project | I Am Here And I Am Not Frightened // North America October 2011 Tour<br>SMALL | 100% Preshrunk Cotton | Anvil
0506,ANTHRAX | $50,Anthrax | 2011-2012 World Tour<br>MEDIUM | 100% Cotton | Hanes
0507,SILVERCHAIR | $50,Silverchair | American Tour 2007<br>LARGE | 100% Cotton | LAS
0508,SWANS | $40,SMALL | Preshrunk 100% Ringspun Cotton | Tultex
0509,HARD X MOUTH TAPED SHUT (THE GIRL WITH THE DRAGON TATTOO) | $40,HARD x Mouth Taped Shut (The Girl with the Dragon Tattoo) | San Francisco<br>MEDIUM | 100% Combed Cotton | American Apparel
0510,LITURGY | $40,SMALL | Preshrunk 100% Ringspun Cotton | Tultex
0511,SWANS | $40,WOMEN'S LARGE | Preshrunk 65% Polyester / 35% Ringspun Cotton | Tultex
0512,RED ELVISES | $40,Red Elvises | Better Than Sex<br>LARGE | 65% Polyester / 35% Cotton | Red Kap by VF Imagewear
0513,MY LIFE WITH THE THRILL KILL KULT | $40,My Life with the Thrill Kill Kult | 25th Anniversary Tour<br>MEDIUM | 100% Cotton | Fruit of the Loom
0514,SIGUR RÓS | $50,Sigur Rós | North America 2017<br>SMALL | 100% Cotton | Canvas
0515,SIGUR RÓS | $50,Sigur Rós | North America 2017<br>SMALL | 100% Cotton | Canvas
0516,TENACIOUS D | $40,MEDIUM | 100% Cotton | Fruit of the Loom
0517,THROBBING GRISTLE | $60,Throbbing Gristle | 2009 Tour // Grand Regency Ballroom San Francisco<br>MEDIUM | 100% Cotton Preshrunk  | Gildan
0518,SHELLAC | $50,MEDIUM | 100% Combed Cotton | Royal Apparel
0519,OURS | $40,WOMEN'S LARGE | 100% Cotton | Next Level apparel
0520,AT THE DRIVE-IN | $60,At The Drive-In | North America 2016<br>SMALL | Preshrunk 100% Ringspun Cotton | Tultex
0521,VAMPIRE WEEKEND | $40,Vampire Weekend | 2010 North American Tour<br>MEDIUM | 50% Polyester / 25% Combed Cotton / 25% Rayon | American Apparel
0522,REGGIE WATTS | $40,MEDIUM | 100% Combed Organic Cotton | American Apparel
0523,OUTSIDE LANDS MUSIC & ARTS FESTIVAL | $50,Outside Lands Music & Arts Festival | 2010<br>MEDIUM | 100% Organic Cotton | Alternative Earth
0524,RED ELVISES | $30,LARGE | 100% Preshrunk Cotton | Hanes
0525,BLUE MAN GROUP | $50,Blue Man Group | 2006-2007 Tour<br>MEDIUM | 100% Cotton Preshrunk  | Tennessee River
0526,GOGOL BORDELLO | $50,Gogol Bordello | Gypsy Punks 10 Years Anniversary 2015 Tour<br>SMALL | 100% Preshrunk Cotton | M&O Knits
0527,THE PROTOMEN | $40,The Protomen | Present: A Night of Queen<br>MEDIUM | Preshrunk 100% Ringspun Cotton | Tultex
0528,MUTE MATH | $40,LARGE | 100% Combed Cotton | American Apparel
0529,TRANS-SIBERIAN ORCHESTRA | $50,Trans-Siberian Orchestra | Winter Tour 2013-2014<br>SMALL | 100% Cotton | Alstyle Apparel & Activewear
0530,ROGER WATERS | $100,Roger Waters | The Wall Live // AT&T Park San Francisco 5/11/12<br>SMALL | 100% Cotton | Hanes
0531,MINUS THE BEAR | $40,SMALL | Preshrunk 65% Polyester / 35% Ringspun Cotton | Tultex
0532,LIARS | $40,MEDIUM | 100% Cotton | Hanes
0533,HYDE | $50,Hyde | Faith Tour 2006<br>LARGE | 100% Cotton Preshrunk  | Alstyle Apparel & Activewear
0534,THE POLYPHONIC SPREE | $50,The Polyphonic Spree | The Fragile Army<br>LARGE | 100% Combed Cotton | American Apparel
0535,AGENT ORANGE | $40,MEDIUM | 100% Cotton | Hanes
0536,FAITH NO MORE | $70,Faith No More | Second Coming: America I II & III (12-14 April 2010 Warfield Theater)<br>MEDIUM | 100% Cotton | Gildan
0537,PUSCIFER | $50,MEDIUM | 100% Cotton | Avante Textiles
0538,OUTSIDE LANDS MUSIC & ARTS FESTIVAL | $50,Outside Lands Music & Arts Festival | 2011<br>MEDIUM | 100% Organic Cotton | Anvil
0539,THE WORLD/INFERNO FRIENDSHIP SOCIETY | $40,SMALL | 50% Cotton / 50% Polyester | Gildan
0540,VERMILLION LIES | $40,MEDIUM | 100% Combed Organic Cotton | American Apparel
0541,THE POLYPHONIC SPREE | $20,SMALL | 50% Cotton / 50% Polyester | Jerzees
0542,THE POLYPHONIC SPREE | $20,The Polyphonic Spree | 10th Annual Holiday Extravaganza 2012<br>YOUTH LARGE | 100% Cotton Preshrunk  | Gildan
0543,TENACIOUS D | $30,MEDIUM | 100% Cotton | Bay Island Sportswear
0544,THE WHITE STRIPES | $30,LARGE | Preshrunk 100% Cotton | Anvil
0545,SF SKETCHFEST | $20,SF Sketchfest | 16th Annual // 2017<br>SMALL | Preshrunk 100% Cotton | District
0546,CIRCLE | $20,LARGE | 100% Cotton Preshrunk  | Gildan
0547,PITBULL DAYCARE | $20,Pitbull Daycare | You Me and the Devil Make Three 2006 Tour<br>LARGE | 100% Cotton | Jerzees
0548,POMPLAMOOSE | $20,Pomplamoose | First Ever Tour 2011<br>XSMALL | 100% Organic Cotton | Alternative Earth
0549,ALICE IN CHAINS | $20,Alice in Chains | BlackDiamondSkye 2010 Tour w/Deftones / Mastodon<br>MEDIUM | Preshrunk 100% Ringspun Cotton | tultex
0550,THE PRESIDENTS OF THE UNITED STATES OF AMERICA | $20,LARGE | 100% Cotton Preshrunk  | Gildan
0551,JACKALOPE | $30,MEDIUM | 100% Cotton Preshrunk  | Gildan
0552,THE DRESDEN DOLLS | $40,LARGE | 100% Cotton | Fruit of the Loom
0553,EVELYN EVELYN | $30,MEDIUM | 100% Cotton | Magic Activewear
0554,ALICE IN CHAINS | $40,Alice in Chains | 2006 Tour<br>MEDIUM | 100% Combed Cotton Preshrunk  | Royal Apparel
0555,JOHN 5 & THE CREATURES | $40,John 5 & the Creatures | Tour 2015<br>SMALL | 100% Cotton | Alstyle Apparel & Activewear
0556,GIRL TALK | $40,Girl Talk | 2010-2011 Tour<br>MEDIUM | 100% Cotton | Bay Island Sportswear
0557,ANTONY AND THE JOHNSONS | $40,MEDIUM | 50% Polyester / 25% Combed Cotton / 25% Rayon | American Apparel
0558,THE XX | $40,MEDIUM | 100% Combed Cotton | American Apparel
0559,SAUL WILLIAMS | $30,LARGE | 100% Combed Cotton | American Apparel
0560,BON IVER | $40,MEDIUM | 100% Combed Cotton | American Apparel
0561,DEVOTCHKA | $40,MEDIUM | 100% Preshrunk Cotton | Gildan
0562,JANELLE MONÁE | $20,MEDIUM | Preshrunk 100% Ringspun Cotton | tultex
0563,CARLA BOZULICH | $20,LARGE | 100% Cotton Preshrunk  | Gildan
0564,AIR | $20,WOMEN'S LARGE | 100% Combed  | American Apparel
0565,BLOC PARTY | $15,MEDIUM | 100% Cotton | Gildan
0566,OFF! | $20,MEDIUM | Preshrunk 100% Cotton | Anvil
0567,OTTMAR LIEBERT | $20,LARGE | Preshrunk 100% Cotton | Anvil
0568,RATATAT | $20,MEDIUM | Preshrunk 100% Cotton | Anvil
0569,GOGOL BORDELLO | $20,SMALL | Preshrunk 100% Ringspun Cotton | Tultex
0570,OF MONTREAL | $20,MEDIUM | 100% Combed Cotton | American Apparel
0571,DREDG | $20,LARGE | Preshrunk 100% Ringspun Cotton | Tultex
0572,REFUSED | $30,MEDIUM | 100% Combed Cotton | American Apparel
0573,I'M FROM BARCELONA | $25,MEDIUM | 100% Cotton | Nick's World
0574,ARCTIC MONKEYS | $20,MEDIUM | 50% Combed Cotton / 50% Polyester | American Apparel
0575,SPIRITUALIZED | $20,MEDIUM | Preshrunk 100% Ringspun Cotton | Tultex
0576,FLEET FOXES | $20,MEDIUM | 50% Combed Cotton / 50% Polyester | American Apparel
0577,PAUL MCCARTNEY | $80,Paul McCartney | Out There 2014 Tour<br>WOMEN'S LARGE | Preshrunk 100% Cotton
0578,BENT KNEE | $30,SMALL | Preshrunk 65% Polyester / 35% Ringspun Cotton | Tultex
0579,ABOVE & BEYOND | $50,Above & Beyond | Common Ground North American Tour<br>SMALL | 100% Cotton
0580,BERT KREISCHER | $30,SMALL | 90% Cotton / 10% Polyester | Gildan
0581,GLEN HANSARD (THE SWELL SEASON / THE FRAMES) | $40,SMALL | 50% Polyester / 25% Cotton / 25% Rayon | Canvas
0582,FEVER RAY | $40,Fever Ray | Live 2018<br>SMALL | 100% Cotton | Gildan
0583,CARPENTER BRUT | $40,Carpenter Brut | Leather Patrol Tour 2018 North America Part 1<br>SMALL | 100% Cotton | Kariban
0584,DEATH GRIPS | $60,Death Grips | 2017 Tour<br>SMALL | 100% Cotton | Gildan
0585,SF SKETCHFEST | $20,SF Sketchfest | 17th Annual / 2018<br>SMALL | 100% Cotton | Gildan
0586,VERMILLION LIES | $30,MEDIUM | 100% Combed Cotton | American Apparel
0587,NINE INCH NAILS | $60,Nine Inch Nails | The Tour That Never Was: Cold And Black And Infinite / North America 2020<br>SMALL | 100% Cotton
0588,THE JOY FORMIDABLE | $60,The Joy Formidable | Spring Tour 2012 HOODIE<br>SMALL | 80% Cotton / 20% Polyester
0589,MOGWAI | $50,Mogwai | Limited Edition POLO SHIRT<br>LARGE | 100% Preshrunk Cotton | Hanes
0590,THE MARS VOLTA | $70,The Mars Volta | 2005 HOODIE<br>XLARGE | 100% Combed Cotton | American Apparel
0591,BECK | $40,Beck | HOODIE<br>SMALL | 50% Polyester / 46% Cotton / 4% Rayon | Alternative Earth
0592,MARCY PLAYGROUND | $30,WOMEN'S LARGE | 100% Combed Cotton | American Apparel
0593,BUZZCOCKS | $30,MEDIUM | Preshrunk 65% Polyester / 35% Ringspun Cotton | Tultex
0594,ODDSAC | $20,ODDSAC | A Film by Animal Collective<br>MEDIUM | Preshrunk 100% Ringspun Combed Cotton | Tultex
0595,OUTSIDE LANDS MUSIC & ARTS FESTIVAL | $20,Outside Lands Music & Arts Festival | 2013<br>SMALL | 100% Cotton | Next Level apparel
0596,TREY ANASTASIO | $40,Trey Anastasio | California 2006 Mini-Tour<br>MEDIUM | 100% Combed Cotton Preshrunk  | Royal Apparel